Workbook

Sheet 신청자명단
A1: 연번 | B1: 사번 | C1: 성명 | D1: 부서코드 | E1: 프로그램코드 | F1: 신청일 | G1: 사전과제 제출 | H1: 작년 이수시간 | I1: 부서명 | J1: 프로그램명 | K1: 교육시간 | L1: 예상 지원금(원) | M1: 우선선발
A2: 1 | B2: ME-001 | C2: 사원001 | D2: D05 | E2: P01 | F2: 2026-08-21 | G2: Y | H2: 0 | I2: =VLOOKUP(D2,부서코드표!$A$2:$C$11,2,0) -> 마케팅 | J2: =VLOOKUP(E2,프로그램표!$A$2:$E$7,2,0) -> AI 업무 기본 | K2: =VLOOKUP(E2,프로그램표!$A$2:$E$7,3,0) -> 14 | L2: =K2*VLOOKUP(E2,프로그램표!$A$2:$E$7,4,0)*IF(G2="Y",1,0.5) -> 210000 | M2: =IF(AND(G2="Y",H2<20),"우선","일반") -> 우선
A3: 2 | B3: ME-002 | C3: 사원002 | D3: D01 | E3: P03 | F3: 2026-08-25 | G3: Y | H3: 3 | I3: =VLOOKUP(D3,부서코드표!$A$2:$C$11,2,0) -> 편집·콘텐츠 | J3: =VLOOKUP(E3,프로그램표!$A$2:$E$7,2,0) -> AI 사내 보고서 작성 | K3: =VLOOKUP(E3,프로그램표!$A$2:$E$7,3,0) -> 7 | L3: =K3*VLOOKUP(E3,프로그램표!$A$2:$E$7,4,0)*IF(G3="Y",1,0.5) -> 84000 | M3: =IF(AND(G3="Y",H3<20),"우선","일반") -> 우선
A4: 3 | B4: ME-003 | C4: 사원003 | D4: D01 | E4: P03 | F4: 2026-08-21 | G4: N | H4: 21 | I4: =VLOOKUP(D4,부서코드표!$A$2:$C$11,2,0) -> 편집·콘텐츠 | J4: =VLOOKUP(E4,프로그램표!$A$2:$E$7,2,0) -> AI 사내 보고서 작성 | K4: =VLOOKUP(E4,프로그램표!$A$2:$E$7,3,0) -> 7 | L4: =K4*VLOOKUP(E4,프로그램표!$A$2:$E$7,4,0)*IF(G4="Y",1,0.5) -> 42000 | M4: =IF(AND(G4="Y",H4<20),"우선","일반") -> 일반
A5: 4 | B5: ME-004 | C5: 사원004 | D5: D03 | E5: P01 | F5: 2026-08-23 | G5: N | H5: 36 | I5: =VLOOKUP(D5,부서코드표!$A$2:$C$11,2,0) -> 디지털교육 | J5: =VLOOKUP(E5,프로그램표!$A$2:$E$7,2,0) -> AI 업무 기본 | K5: =VLOOKUP(E5,프로그램표!$A$2:$E$7,3,0) -> 14 | L5: =K5*VLOOKUP(E5,프로그램표!$A$2:$E$7,4,0)*IF(G5="Y",1,0.5) -> 105000 | M5: =IF(AND(G5="Y",H5<20),"우선","일반") -> 일반
A6: 5 | B6: ME-005 | C6: 사원005 | D6: D08 | E6: P05 | F6: 2026-08-23 | G6: Y | H6: 37 | I6: =VLOOKUP(D6,부서코드표!$A$2:$C$11,2,0) -> 물류 | J6: =VLOOKUP(E6,프로그램표!$A$2:$E$7,2,0) -> AI 제작·운영 업무 | K6: =VLOOKUP(E6,프로그램표!$A$2:$E$7,3,0) -> 12 | L6: =K6*VLOOKUP(E6,프로그램표!$A$2:$E$7,4,0)*IF(G6="Y",1,0.5) -> 180000 | M6: =IF(AND(G6="Y",H6<20),"우선","일반") -> 일반
A7: 6 | B7: ME-006 | C7: 사원006 | D7: D04 | E7: P04 | F7: 2026-08-25 | G7: Y | H7: 40 | I7: =VLOOKUP(D7,부서코드표!$A$2:$C$11,2,0) -> 영업 | J7: =VLOOKUP(E7,프로그램표!$A$2:$E$7,2,0) -> AI 교육콘텐츠 검수 | K7: =VLOOKUP(E7,프로그램표!$A$2:$E$7,3,0) -> 4 | L7: =K7*VLOOKUP(E7,프로그램표!$A$2:$E$7,4,0)*IF(G7="Y",1,0.5) -> 40000 | M7: =IF(AND(G7="Y",H7<20),"우선","일반") -> 일반
A8: 7 | B8: ME-007 | C8: 사원007 | D8: D08 | E8: P02 | F8: 2026-08-20 | G8: Y | H8: 13 | I8: =VLOOKUP(D8,부서코드표!$A$2:$C$11,2,0) -> 물류 | J8: =VLOOKUP(E8,프로그램표!$A$2:$E$7,2,0) -> AI 데이터 분석 기초 | K8: =VLOOKUP(E8,프로그램표!$A$2:$E$7,3,0) -> 10 | L8: =K8*VLOOKUP(E8,프로그램표!$A$2:$E$7,4,0)*IF(G8="Y",1,0.5) -> 150000 | M8: =IF(AND(G8="Y",H8<20),"우선","일반") -> 우선
A9: 8 | B9: ME-008 | C9: 사원008 | D9: D09 | E9: P01 | F9: 2026-08-20 | G9: N | H9: 12 | I9: =VLOOKUP(D9,부서코드표!$A$2:$C$11,2,0) -> 인사 | J9: =VLOOKUP(E9,프로그램표!$A$2:$E$7,2,0) -> AI 업무 기본 | K9: =VLOOKUP(E9,프로그램표!$A$2:$E$7,3,0) -> 14 | L9: =K9*VLOOKUP(E9,프로그램표!$A$2:$E$7,4,0)*IF(G9="Y",1,0.5) -> 105000 | M9: =IF(AND(G9="Y",H9<20),"우선","일반") -> 일반
A10: 9 | B10: ME-009 | C10: 사원009 | D10: D08 | E10: P04 | F10: 2026-08-18 | G10: Y | H10: 0 | I10: =VLOOKUP(D10,부서코드표!$A$2:$C$11,2,0) -> 물류 | J10: =VLOOKUP(E10,프로그램표!$A$2:$E$7,2,0) -> AI 교육콘텐츠 검수 | K10: =VLOOKUP(E10,프로그램표!$A$2:$E$7,3,0) -> 4 | L10: =K10*VLOOKUP(E10,프로그램표!$A$2:$E$7,4,0)*IF(G10="Y",1,0.5) -> 40000 | M10: =IF(AND(G10="Y",H10<20),"우선","일반") -> 우선
A11: 10 | B11: ME-010 | C11: 사원010 | D11: D07 | E11: P03 | F11: 2026-08-18 | G11: N | H11: 30 | I11: =VLOOKUP(D11,부서코드표!$A$2:$C$11,2,0) -> 제작 | J11: =VLOOKUP(E11,프로그램표!$A$2:$E$7,2,0) -> AI 사내 보고서 작성 | K11: =VLOOKUP(E11,프로그램표!$A$2:$E$7,3,0) -> 7 | L11: =K11*VLOOKUP(E11,프로그램표!$A$2:$E$7,4,0)*IF(G11="Y",1,0.5) -> 42000 | M11: =IF(AND(G11="Y",H11<20),"우선","일반") -> 일반
A12: 11 | B12: ME-011 | C12: 사원011 | D12: D03 | E12: P04 | F12: 2026-08-22 | G12: Y | H12: 6 | I12: =VLOOKUP(D12,부서코드표!$A$2:$C$11,2,0) -> 디지털교육 | J12: =VLOOKUP(E12,프로그램표!$A$2:$E$7,2,0) -> AI 교육콘텐츠 검수 | K12: =VLOOKUP(E12,프로그램표!$A$2:$E$7,3,0) -> 4 | L12: =K12*VLOOKUP(E12,프로그램표!$A$2:$E$7,4,0)*IF(G12="Y",1,0.5) -> 40000 | M12: =IF(AND(G12="Y",H12<20),"우선","일반") -> 우선
A13: 12 | B13: ME-012 | C13: 사원012 | D13: D04 | E13: P04 | F13: 2026-08-18 | G13: Y | H13: 32 | I13: =VLOOKUP(D13,부서코드표!$A$2:$C$11,2,0) -> 영업 | J13: =VLOOKUP(E13,프로그램표!$A$2:$E$7,2,0) -> AI 교육콘텐츠 검수 | K13: =VLOOKUP(E13,프로그램표!$A$2:$E$7,3,0) -> 4 | L13: =K13*VLOOKUP(E13,프로그램표!$A$2:$E$7,4,0)*IF(G13="Y",1,0.5) -> 40000 | M13: =IF(AND(G13="Y",H13<20),"우선","일반") -> 일반
... A151: 150 | B151: ME-150 | C151: 사원150 | D151: D03 | E151: P03 | F151: 2026-08-18 | G151: Y | H151: 17 | I151: =VLOOKUP(D151,부서코드표!$A$2:$C$11,2,0) -> 디지털교육 | J151: =VLOOKUP(E151,프로그램표!$A$2:$E$7,2,0) -> AI 사내 보고서 작성 | K151: =VLOOKUP(E151,프로그램표!$A$2:$E$7,3,0) -> 7 | L151: =K151*VLOOKUP(E151,프로그램표!$A$2:$E$7,4,0)*IF(G151="Y",1,0.5) -> 84000 | M151: =IF(AND(G151="Y",H151<20),"우선","일반") -> 우선

Sheet 부서코드표
A1: 부서코드 | B1: 부서명 | C1: 소속 구분
A2: D01 | B2: 편집·콘텐츠 | C2: 콘텐츠
A3: D02 | B3: 디자인 | C3: 콘텐츠
A4: D03 | B4: 디지털교육 | C4: 디지털교육
A5: D04 | B5: 영업 | C5: 사업지원
A6: D05 | B6: 마케팅 | C6: 사업지원
A7: D06 | B7: 고객지원 | C7: 사업지원
A8: D07 | B8: 제작 | C8: 제작·운영
A9: D08 | B9: 물류 | C9: 제작·운영
A10: D09 | B10: 인사 | C10: 경영지원
A11: D10 | B11: 재무 | C11: 경영지원

Sheet 프로그램표
A1: 프로그램코드 | B1: 프로그램명 | C1: 교육시간 | D1: 시간당 지원단가(원) | E1: 정원(명)
A2: P01 | B2: AI 업무 기본 | C2: 14 | D2: 15000 | E2: 30
A3: P02 | B3: AI 데이터 분석 기초 | C3: 10 | D3: 15000 | E3: 25
A4: P03 | B4: AI 사내 보고서 작성 | C4: 7 | D4: 12000 | E4: 40
A5: P04 | B5: AI 교육콘텐츠 검수 | C5: 4 | D5: 10000 | E5: 50
A6: P05 | B6: AI 제작·운영 업무 | C6: 12 | D6: 15000 | E6: 20
A7: P06 | B7: AI 고객응대 실무 | C7: 6 | D7: 12000 | E7: 35

Sheet 집계
A1: 프로그램코드 | B1: 프로그램명 | C1: 신청 인원 | D1: 정원(명) | E1: 정원 대비 신청률
A2: P01 | B2: AI 업무 기본 | C2: =COUNTIF(신청자명단!$E:$E,A2) -> 49 | D2: =VLOOKUP(A2,프로그램표!$A$2:$E$7,5,0) -> 30 | E2: =ROUND(C2/D2*100,1)&"%" -> 163.3%
A3: P02 | B3: AI 데이터 분석 기초 | C3: =COUNTIF(신청자명단!$E:$E,A3) -> 25 | D3: =VLOOKUP(A3,프로그램표!$A$2:$E$7,5,0) -> 25 | E3: =ROUND(C3/D3*100,1)&"%" -> 100%
A4: P03 | B4: AI 사내 보고서 작성 | C4: =COUNTIF(신청자명단!$E:$E,A4) -> 23 | D4: =VLOOKUP(A4,프로그램표!$A$2:$E$7,5,0) -> 40 | E4: =ROUND(C4/D4*100,1)&"%" -> 57.5%
A5: P04 | B5: AI 교육콘텐츠 검수 | C5: =COUNTIF(신청자명단!$E:$E,A5) -> 20 | D5: =VLOOKUP(A5,프로그램표!$A$2:$E$7,5,0) -> 50 | E5: =ROUND(C5/D5*100,1)&"%" -> 40%
A6: P05 | B6: AI 제작·운영 업무 | C6: =COUNTIF(신청자명단!$E:$E,A6) -> 16 | D6: =VLOOKUP(A6,프로그램표!$A$2:$E$7,5,0) -> 20 | E6: =ROUND(C6/D6*100,1)&"%" -> 80%
A7: P06 | B7: AI 고객응대 실무 | C7: =COUNTIF(신청자명단!$E:$E,A7) -> 17 | D7: =VLOOKUP(A7,프로그램표!$A$2:$E$7,5,0) -> 35 | E7: =ROUND(C7/D7*100,1)&"%" -> 48.6%

Sheet 실습 안내
A1: 실습 안내 | B1: 미래엔 전사 AI 업무역량 교육 · 실습용 가상 자료
A2: 자료 성격 | B2: 미래엔 임직원의 다양한 직무를 상정해 만든 가상 교육 운영 자료입니다.
A3: 조직·제도 | B3: 실제 미래엔 조직, 인사정책, 교육제도 또는 성과를 나타내지 않습니다.
A4: 개인정보 | B4: 신청자 이름·사번은 익명 식별자이며 실제 임직원 정보가 아닙니다.
A5: 산정 규칙 | B5: 교육시간·단가·정원·지원금·우선선발 기준은 수식 연습을 위한 가상 조건입니다.
A6: 실습 방법 | B6: 기존 시트의 셀 위치와 코드 기준으로 교안의 프롬프트를 사용합니다.
A7: 표본 구분 | B7: 신청 150건과 만족도 응답 72건은 별도 표본입니다. 동일인을 연결하지 않습니다.
